"observation_id","person_id","observation_concept_id","observation_date","observation_datetime","value_as_string","value_as_concept_id","visit_occurrence_id"
6001,1111,4160001,2025-07-22,2025-07-22 15:40:00,"Fall from height while playing football",NA,1001
6002,1111,4203130,2025-07-24,2025-07-24 12:00:00,"Discharged with crutches and followup appointment",NA,1001
6003,1112,4138933,2024-01-18,2024-01-18 04:00:00,"Transferred to ICU",NA,1002
6004,1112,45772969,2024-01-18,2024-01-18 04:15:00,"Mechanically ventilated",NA,1002
6005,1112,4203130,2024-01-29,2024-01-29 14:30:00,"Discharged with home oxygen and respiratory followup",NA,1002
6006,1112,4103640,2025-12-24,2025-12-24 16:45:00,"Patient reports persistent breathlessness since COVID admission",NA,1102
6007,1112,4160001,2025-12-24,2025-12-24 16:30:00,"Bilateral expiratory wheeze heard on examination",NA,1102
6008,1113,4024958,2025-03-15,2025-03-15 10:30:00,"Positive for Group A Streptococcus",4181412,1103
6009,1113,4232313,2025-03-15,2025-03-15 10:30:00,"Positive",4181412,1103
6010,1113,4160001,2025-03-15,2025-03-15 10:45:00,"Severe pharyngeal erythema and tonsular exudate noted",NA,1103
6011,1113,4203130,2025-03-19,2025-03-19 09:30:00,"Discharged home, complete antibiotic course",NA,1103
88990,34567,4160001,2025-12-28,2025-12-28 15:45:00,"Patient fell from bicycle onto right arm. Pain and swelling noted.",4076970,55667
88991,34567,4143268,2025-12-28,2025-12-28 16:45:00,"X-ray right arm - no fracture identified. Soft tissue swelling present.",4143268,55667
88992,34567,4203130,2025-12-28,2025-12-28 17:30:00,"Discharged home with parent. Advice given on RICE protocol and pain management. Return if symptoms worsen.",4306165,55667
99112,78901,4065643,2004-09-15,2004-09-15 21:00:00,"Positive",4181412,44556
99113,78901,4160001,2004-09-15,2004-09-15 16:00:00,"Patient reports chronic abdominal pain, diarrhea for 3 months, weight loss of 5kg",NA,44556
99114,78901,36310704,2004-09-15,2004-09-15 19:30:00,"Terminal ileum wall thickening and inflammation noted",NA,44556
99115,78901,4249893,2004-09-16,2004-09-16 12:00:00,"Multiple ulcerations and skip lesions in terminal ileum and colon consistent with Crohn's disease",NA,44556
99116,78901,4249893,2004-09-17,2004-09-17 14:30:00,"Active inflammation of terminal ileum with wall thickening",NA,44556
99117,78901,4203130,2004-09-18,2004-09-18 11:00:00,"Discharged with gastroenterology follow-up and medication plan",NA,44556
